,Packet Length,Packet Length,Packet Length,Packet Length,Source Port,Source Port,Source Port,Source Port,Destination Port,Destination Port,Destination Port,Destination Port
,mean,std,min,max,mean,std,min,max,mean,std,min,max
Network Segment,,,,,,,,,,,,
Segment A,782.8235515708582,415.28864544845203,64,1500,33105.32291117306,18621.447437232844,1027,65527,33185.19852331802,18588.766678104603,1030,65534
Segment B,777.5976424656506,415.8243311339113,64,1500,32774.40701253848,18425.363551937473,1030,65530,33276.868533673696,18622.252630906805,1025,65529
Segment C,783.9251939140811,417.01237362464576,64,1500,33031.397673031024,18633.22408591382,1031,65530,32991.72091288783,18513.526224001347,1024,65535
